p_wave_amplitude,p_wave_frequency,p_wave_time,s_wave_time,s_wave_amplitude
37.454011884736246,3.702658576772393,261.70568373590595,332.2489532147068,85.79938174253891
95.07143064099162,10.838018947567162,246.97879907199982,328.68012481922335,120.81484939499795
73.1993941811405,17.458916717528165,906.2545805210367,938.7966914123616,114.02413946852386
59.86584841970366,14.644497728191224,249.5461998495061,315.784868814136,23.084985704066053
15.601864044243651,16.131222957228996,271.94972612863097,333.4068646115684,22.387420461221087
15.599452033620265,13.175667334214348,759.3982624179637,844.352996328908,40.226155161737
5.8083612168199465,13.84553129035705,449.73984245054,541.2876778938535,54.16120895115558
86.61761457749351,16.983913031306386,776.7105569551812,787.8046663881461,61.26833721127239
60.11150117432088,4.993360177183719,65.36615756438525,136.0279502796766,101.9545825250018
70.80725777960456,9.78849927286281,487.5711936733843,502.2364155941599,8.50206482487531
2.0584494295802447,4.4241888363920445,33.613600183282635,93.01088004024467,5.200905633909958
96.99098521619943,19.75336015993294,62.65320345535452,98.54014906928556,58.786584441586356
83.24426408004217,18.881186793732265,906.437453344411,944.0473473014036,104.57455382069708
21.233911067827616,0.788536227370118,139.24537111759517,181.01163642830727,29.015301443472385
18.182496720710063,14.11150345031377,532.4206822752171,598.3370026896821,96.22567218843776
18.34045098534338,18.504966348313317,411.09560260070657,451.1600995108958,38.97422069104492
30.42422429595377,3.6115069025466706,347.3433262588427,423.2862408119679,132.91291632202746
52.475643163223786,11.358904611052589,899.8333456872724,946.2408103889206,134.35349163999248
43.194501864211574,18.309765951760838,21.8233967754895,37.97518480338577,44.59308064219897
29.122914019804192,0.6789195717159768,663.789686175589,744.3280719991587,34.499063094486075
61.18528947223795,13.948405344936798,963.3944342135504,999.1126834268939,61.69559580993469
13.949386065204184,5.946980147451015,560.168183461842,609.1172026257756,36.07973777702231
29.214464853521815,18.487923907530607,936.8224620330918,1008.512411523063,100.85757649375554
36.63618432936917,19.421164903307357,52.257879286023766,92.17893342940785,123.90970268224282
45.606998421703594,18.885329782268677,418.7933190741614,433.8860281273658,100.96381963668254
78.51759613930136,9.484284333149276,260.15779096205114,303.81068519320434,123.65256708740242
19.967378215835975,17.240853019786268,730.8209649807297,825.8213374232171,59.54882433112112
51.42344384136116,16.890987970701406,981.2970904972467,1049.053186254117,23.44754560632913
59.24145688620425,6.382009464865113,256.5300624442478,326.9631858242964,110.69264210963883
4.645041271999773,16.57830948301355,654.1746014740745,721.0799953014621,54.07117577123308
60.75448519014384,0.7401526943098524,198.09763275974012,226.00692526608944,100.69062378436988
17.052412368729154,11.92539756964106,565.3302545716099,612.9803023408151,40.59659129726485
6.505159298527952,4.6001767457540605,463.9324866883362,541.5170685410349,12.1844452210009
94.88855372533332,2.411337715545576,972.005329631537,991.1288904113213,148.8872693231645
96.56320330745594,1.5390640325841831,608.5272726964665,643.5340225445407,23.43022618958989
80.83973481164611,13.925775517562794,349.50637208681877,384.37509184874557,148.26314909452216
30.46137691733707,6.797499275361323,114.09578488793338,162.9774883714389,146.5919898849671
9.767211400638388,14.49533543057523,151.24682873493455,249.48001541973122,119.07271558620594
68.42330265121569,1.3071268159788474,225.3169299512351,241.39215915277907,98.91344431229963
44.01524937396013,6.305806756612206,250.966661340298,307.6497508345516,86.6710575376627
12.203823484477883,10.789825847506744,850.6160578411378,876.7588792222368,129.9152318066752
49.51769101112702,15.814463296779271,561.2227882825249,658.5836773694018,43.415928242923194
3.4388521115218396,6.375050058641398,523.3909113743664,543.5882267998381,70.15218187273156
90.9320402078782,12.517827528740181,114.76887186921746,161.09296208176067,92.90849540497528
25.87799816000169,17.71955496472374,860.139693349435,936.5493419845495,61.67857138042366
66.2522284353982,12.31726376364609,722.8143032084837,796.2242017309537,64.1229681135402
31.171107608941096,4.659189495072676,67.66836190000159,115.71393922045549,49.54270012531266
52.00680211778108,0.4880156311307604,707.8350972297686,749.0222723455132,84.6347725026804
54.67102793432797,17.401977478018598,543.538217342646,589.3233314124044,127.5861792022674
18.485445552552704,0.42538821700774276,81.72534574677826,115.5102094310558,30.229256700946927
96.95846277645586,17.49403345368399,458.30064152865646,486.78060601226844,140.1649558130162
77.51328233611146,10.57874268054424,484.696287130047,538.1698599103471,103.36314806223444
93.9498941564189,18.781353970257925,165.77454016327576,199.94257820936042,123.49098190200452
89.48273504276489,15.975664715473307,945.6981470002823,981.5696968410349,83.42860389450175
59.78999788110851,19.95868221066675,849.9753714806619,919.083417193372,116.92750521360952
92.18742350231169,7.014236309034203,669.0223373291083,766.1906971820986,2.4300596009200817
8.84925020519195,15.343765778622538,462.2955610006072,526.622909050951,122.75706371693028
19.59828624191452,8.038618272184843,411.7655415845085,428.6936936203555,6.0208288628049775
4.522728891053807,9.597512406078177,650.9734671509542,667.7759923978202,133.48700645442938
32.53303307632643,12.550109264367402,545.4318694069054,641.0599592830064,148.7944120857965
38.8677289689482,17.473542283726776,62.27310588188561,99.02927700954564,44.110119326516674
27.134903177389592,19.681669383985902,512.5026487703317,530.7886775177544,31.547783442869047
82.87375091519293,15.365468277290365,806.4036172328395,870.3176300763738,114.8045045787061
35.67533266935893,8.355335643346676,459.2398775969581,525.368267643082,37.953951138037986
28.093450968738075,8.427140045541403,51.956577554268414,120.32201136495036,129.83435747583053
54.26960831582485,14.75164603177783,786.2781993840331,820.3443818912118,15.426388823621506
14.092422497476264,4.775542915366047,201.3637821359744,212.72374371527715,18.893279456903738
80.21969807540397,2.209482262627893,258.62083488803876,355.47221813894123,146.87273326509234
7.455064367977082,7.09244315281553,164.70635343229588,197.2867275444951,101.0758347405007
98.68869366005173,5.744779833081635,330.21506487149753,401.0574307962268,127.03308366434293
77.22447692966574,5.926162409119802,756.751505688635,830.3481939777189,48.6494066027277
19.87156815341724,4.672155020998199,519.3858595039374,584.2865270410911,101.47256242809067
0.5522117123602399,0.8418637927272377,204.88127415071256,243.0429396299409,89.13627409628958
81.54614284548342,0.3574786946682762,877.8300781520409,912.2287409908067,90.47251801844205
70.68573438476172,19.75444779472063,879.5818549515292,943.3720003947725,102.37986893065823
72.90071680409874,8.555462674717248,870.5784250460069,958.5270320710592,86.30387596936478
77.12703466859458,7.686532943193633,238.79621138153928,334.0022469846449,64.35935539539989
7.4044651734090365,13.592945653861397,451.2393441809881,470.7708665773263,41.38840415708203
35.84657285442726,4.365077757301283,984.9896561408751,1008.9242312746699,115.2871996369803
11.586905952512971,18.99922367900451,772.0124763099903,867.0387396004676,33.94086450047793
86.31034258755935,15.726900288311041,27.167421225559817,103.45559177569115,103.85314592316213
62.329812682755794,1.7882200462451903,65.20459126049205,154.6740354951716,34.999923397398994
33.08980248526492,8.351615515698567,463.93137681233276,492.1683138845136,93.79952549316809
6.355835028602364,17.582366151243292,909.2202058615602,972.1029342614064,112.06174006935434
31.09823217156622,18.894640445828205,538.7017979527142,611.8043614502868,32.80708333598088
32.518332202674706,9.348030224997395,497.8125080342902,569.0225777245178,8.991495129196242
72.96061783380641,12.268227784214154,105.47369995663058,152.20735213463342,19.646061449126112
63.75574713552131,3.3406789218415045,656.780104724294,668.1656449765118,90.89954509065382
88.72127425763266,19.823372522739533,822.1031606002255,884.5665057126091,127.41696093386032
47.22149251619493,4.6334340276688675,380.42000750756233,413.1991460337271,6.749523185313655
11.959424593830171,18.854635482702513,775.6118509253274,826.1347330781875,110.12268885624694
71.3244787222995,12.99293297984737,964.4766539008116,1060.658945258355,51.19779689250782
76.07850486168974,12.154735897577183,203.7664591276891,249.67963771550822,71.77925548792838
56.127719756949624,10.253770220330171,523.3296311947413,608.9117757945397,139.32893247683484
77.0967179954561,4.613396234355173,287.13795808457553,314.1066126020081,49.79572571037682
49.379559636439076,3.5305606401101652,792.8544190338393,863.3758638560919,69.80054009092291
52.27328293819941,4.409724181403507,577.5933658811575,675.5239917806624,2.052362214102166
42.75410183585496,3.7287652428850904,634.5824175503037,653.752796628868,12.239808000725755
2.541912674409519,15.591689471335066,797.914159615894,808.6629544163413,38.788738670217604
10.789142699330444,7.002505183334602,395.9704726624549,444.9929239993902,4.1778361231611605
3.142918568673425,1.1568535312679273,915.0900684070432,933.4263618816663,94.70629890723765
63.64104112637804,19.382052602816227,533.02886724614,610.3834587170007,63.95975352024338
31.435598107632668,17.675717699268514,157.954822835348,250.2642025817183,82.2217804092033
50.85706911647028,18.55504566390426,695.8991181688025,744.9610057125908,26.19707788444943
90.7566473926093,19.898156452928706,793.2613504382545,826.5453982322441,44.38980441549242
24.929222914887493,3.477904984389746,316.76167706752665,365.8579757781215,99.57367122790876
41.038292303562976,7.924840378053175,857.179256998753,932.2895606052531,144.79540854455996
75.55511385430486,15.164769514081826,906.1432547657664,916.9581293079998,7.56251604033138
22.879816549162246,13.920412361075844,276.90448737780895,339.9553464314317,133.5576481282899
7.697990982879299,3.077918126797101,983.5214727152221,1048.7177243550861,86.53218019668127
28.9751452913768,16.316662499812356,140.71152804875842,208.10347026939263,84.58793501334355
16.122128725400444,4.488811436733213,202.01566840248998,233.79765560076893,75.04178028116405
92.96976523425731,4.476352296452461,184.22483923802614,258.4895843420575,10.409112885627508
80.8120379564417,10.739488457868271,893.9897100078704,912.2149437777302,13.4815277604241
63.34037565104234,11.858798696834063,654.2925523249619,682.226882606974,90.13680084886292
87.14605901877177,11.601724156756223,152.10428322227287,241.07658742117624,51.14378571533374
80.36720768991145,1.8297367479550974,440.323418368349,516.80850193374,137.5902099866521
18.657005888603585,17.54921725260761,615.2980250698021,626.5351249308231,60.98858060392084
89.25589984899777,5.312000851774121,83.4640849893833,115.81794842266531,21.492218805396163
53.93422419156507,2.5902984256560835,882.4163684073387,911.7129518767235,107.2078250253054
80.74401551640625,17.774961597379544,803.6035354415352,837.9761049648628,44.00301321615147
89.60912999234932,19.113029964595068,505.2067735766382,537.487152901828,78.82054610338398
31.800347497186387,17.24255234530901,967.1266152591704,982.7539818760265,104.67491782577551
11.005192452767677,16.19032149449756,417.7609792750997,469.06562576881356,135.03961668031056
22.793516254194166,13.104839612780435,984.1103190364978,1060.0563317672527,118.82867922025142
42.71077886262563,11.017147412182787,667.9199988036271,732.5258540281964,101.45416018090862
81.80147659224932,1.7397351982282028,634.6712732539414,705.2297234277686,101.94497735927153
86.07305832563435,8.169064261413974,165.954895295785,183.25832136404654,141.888696604813
0.6952130531190703,7.45377034024628,881.9277583046439,977.5619222205548,44.3736146244804
51.07473025775657,5.195075675206525,427.48968792061515,512.9539529664873,0.16681412942811114
41.7411003148779,14.468402273771698,162.23340578247937,244.691534447089,40.793183909729805
22.210781047073024,9.917514701575417,12.60751997575904,96.67606242951811,32.6837069440116
11.98653673336828,1.6209243181529587,559.7556836383826,653.6996293703311,99.27518776709972
33.7615171403628,4.403664038996227,527.3996221226763,586.3824790729091,95.05673996482936
94.29097039125192,13.665175273191918,719.3536223691585,747.3790039772449,89.01920740570857
32.320293202075526,1.5226171898060037,890.2580530178021,955.7685777245308,2.436516481418055
51.87906217433661,17.024138280975375,79.40658464302952,156.26591907314403,109.31670816759713
70.30189588951778,9.902930540279486,731.4964903403624,807.9090557422246,48.52956187282373
36.3629602379294,9.61173154653296,187.41194409758222,244.34235627260142,99.75839835099467
97.17820827209607,11.848155693190352,858.177053157164,874.338337897186,83.486764275323
96.24472949421113,16.493619318502983,819.0635138616561,862.4636783203676,51.409638814186074
25.178229582536417,6.956184158043861,540.7937549855444,633.6627497472466,20.18644006561616
49.72485058923854,13.560323051181271,710.2427986233115,772.8432005014798,14.162834649072142
30.087830981676966,11.314639279915822,314.3501131837484,372.79998807676265,124.72774996683353
28.484049437746762,5.3405654033884264,471.16789893281464,505.36471522721206,137.7596313122337
3.6886947354532795,17.57259972710316,821.6368977104717,864.7973005029637,97.46820701464493
60.956433397989684,15.948520432138562,459.2651971732139,549.8463451969991,15.515117229072505
50.26790232288615,13.16903669316851,357.7982653254418,427.779939602857,60.304082533236105
5.147875124998935,17.011634581884838,494.2124472502999,575.0772796580098,109.34088001577358
27.864646423661142,17.34588401919605,828.2492524372184,879.1403405133074,116.97313260151022
90.82658859666537,14.167259534300696,335.20804737087275,401.93029712192697,17.73279334366329
23.95618906669724,16.74026656727344,173.7615931357438,206.11611792263247,0.004607826807362381
14.48948720912231,13.949429233385672,712.0140203307808,785.5054950562945,106.82055688209076
48.9452760277563,13.602815435206008,825.9782127080819,874.4623327413822,53.48942639793084
98.56504541106007,12.372227564303685,100.63747852353333,150.46657485686043,38.17219974273904
24.20552715115004,15.054332791152824,239.87411275594474,308.31312196786405,1.934620468428816
67.21355474058785,3.172102105861474,141.9719897609939,236.23724569319728,81.04491101422495
76.16196153287176,17.61741518397857,347.9414115821666,363.7019827769425,127.67261031389727
23.763754399239968,17.43687055490464,450.35097890541266,534.5778702666433,143.64474694088818
72.82163486118596,0.5849456606911829,748.8263369633065,785.1408169004039,84.86174259199338
36.77831327192532,16.516335011295254,651.1475848816741,701.1003357872481,77.16919916098412
63.23058305935795,2.577397349468904,620.9285674784312,632.9007670681821,12.758457823386166
63.35297107608947,6.702377085182838,352.3749466096544,389.4690936147426,82.33092023138997
53.57746840747585,14.870165125832155,841.44755308476,896.6843649214717,56.996861844809196
9.02897700544083,3.215197920966164,471.28716739816457,486.3430143594341,91.07029213253654
83.5302495589238,16.359340482381242,979.1049380151545,1033.3035536596394,58.308952181482006
32.07800649717358,16.64268355915484,634.1421382957368,727.5820948929952,36.04486851755501
18.651851039985424,10.149354675216724,126.26474156450274,145.7501311942052,14.244791284256475
4.077514155476392,0.1277174343366716,676.177562075434,754.9772276022294,47.23776668833436
59.08929431882418,5.740762663498256,325.104015431699,371.97441023553836,14.496725143162841
67.75643618422824,12.338538367514843,686.3271966860974,755.2928309932878,26.53454262359759
1.6587828927856152,19.62372356054847,69.64114816240574,103.06244198107638,148.10042378693188
51.2093058299281,12.636270540333367,174.88143717595938,199.23574080468163,66.6155335359928
22.649577519793795,5.196071621283195,855.7372589057863,880.1788941901967,79.78076497575248
64.51727904094498,12.680114061992228,227.1795570235149,243.5238321313979,131.0427793105823
17.436642900499145,10.799707594317109,837.0411252429401,863.749328684052,149.33533507360318
69.09377381024659,15.596907903022872,279.27608845441046,349.0558331034176,87.40716740170222
38.67353463005374,2.139612776539168,642.8819100587076,732.2340651246234,121.87107315662574
93.67299887367345,15.22055805004056,694.150573509831,777.4218852130356,49.04115365050129
13.752094414599325,10.825331573522206,512.654753145053,584.3168410337565,45.86159361709367
34.10663510502585,19.25984007717989,305.31067669673126,325.2495444037305,60.40555814918403
11.347352124058908,6.837443320773722,212.64437637109612,248.6712465377316,100.87608940104737
92.46936182785628,12.652437862678962,33.18935456242622,71.07197334144843,102.32875338826481
87.7339353380981,18.64056211020035,303.9464012407238,336.4425264165097,47.28591519741762
25.79416277151556,2.050194559813585,653.162790531283,709.5132999051581,19.981488620494304
65.99840460341791,18.744569744729024,938.3048184484827,996.5046617876533,94.85943846982629
81.72222002012158,13.757714446016267,871.204482263052,913.3242200284519,19.24887932831468
55.52008115994623,1.356741182103438,766.0647765353026,807.9058008215818,86.77387623439951
52.965057835600646,6.019271338936325,788.4473432532986,873.0173470648459,104.01331920844635
24.18522909004517,14.163441772905632,664.9849034759952,746.021259824767,105.09172445916775
9.310276780589922,1.347012029375434,260.286857566003,297.9884824172701,113.0208165989395
89.72157579533267,11.643409203525465,907.1950307058298,999.4359906544232,130.9289132348497
90.04180571633304,6.917661139059135,670.7323119058341,766.4856634360597,74.99384879471826
63.31014572732679,12.418310355349542,560.4406309804399,599.8474597631435,109.53737842943568
33.90297910487007,0.914840676250257,110.98946921348107,152.887714604856,92.8759103048755
34.92095746126609,17.430736123047524,447.0555438064254,502.5626176144017,27.995990969652386
72.59556788702393,19.469779383547937,460.3582712019263,555.0591443299569,3.853446730411225
89.71102599525771,19.37755710571383,864.5636095226699,953.432358505478,42.681207851540066
88.70864242651173,14.993036634858495,546.6482201877885,565.8793368203117,66.45505595064292
77.98755458576238,2.6017248026126394,380.40054897040966,425.74631586483713,92.56589166429845
64.20316461542878,15.165263918580452,976.8003285106594,1036.6037355881388,127.49389957548081
8.413996499504883,0.4917383291760302,110.72059332631568,166.0025158559543,29.436857505924845
16.162871409461378,0.4424710305799451,422.54842831194463,449.996104426265,18.832468484771564
89.85541885270793,6.4722043829908245,42.02467517140529,129.3181845765392,144.52199212114914
60.642905965958995,9.772863808093316,739.9041207669303,810.8287912366457,16.206683906461066
0.9197051616629648,15.408148356155865,918.0765521991507,1003.4883059358131,71.77366051607838
10.147154286603211,13.665907532130104,280.03732955048946,367.32611469194194,87.83455931899528
66.35017691080559,8.918054127534967,858.3416767991209,935.6937036290375,81.20616313611573
0.5061583846218687,5.472533325633318,292.21823046189775,341.7471845743723,12.90482355494148
16.080805141749867,19.942490003154223,910.7701616439152,975.7193695953034,8.554037100542905
54.87337893665861,8.523626044719459,753.9619035967839,778.3947901475608,15.82251411915535
69.18951976926932,9.02774048659351,804.9067768414386,875.5348644141803,87.83815258089187
65.19612595026005,3.2724764238333837,18.006555600454497,44.139348616989764,81.65173314514817
22.42693094605598,15.896190974998587,962.810357074026,1035.26582021994,35.06111880551164
71.2179221347536,13.873644515629772,726.6709920703232,757.3348265381804,95.66612127683874
23.724908749680008,4.415392255775208,304.75109538613333,325.3307123996531,123.01012530834741
32.539969815926774,1.647620912316854,829.3946648588469,854.2702689717131,6.236843976989065
74.64914051180241,13.609986041494261,281.5211984149299,291.7004905846463,74.71949153220636
64.96328990472146,13.090224285622705,872.7538395661279,947.4404051729456,103.39656181540354
84.9223410494178,5.465190539964187,112.58039041193702,188.49648482719113,37.84678906045306
65.76128923003434,19.017271245008207,703.6859774607957,760.029978952989,46.16563579397236
56.830860333547164,3.0211578356180047,540.6984766449103,565.2211287398949,92.04568544840757
9.367476782809248,8.646696020852039,96.53447019544082,114.0543605714029,134.69029401656053
36.77158030594335,18.872318403351976,241.893828258839,253.61543523819483,121.4886630454349
26.520236768172545,8.394546338522446,12.40403627731479,37.321372204184655,87.46953286493752
24.398964337908357,12.77051895328171,468.76796546450583,558.944963612989,109.53325766358738
97.30105547524455,7.9518879592558855,301.2652607600004,333.00357651315176,54.7233705311698
39.30977246667604,5.484304046973401,598.3574842977588,640.2419037473082,96.14482921481365
89.20465551771133,19.679552959196563,297.2378077086172,316.7189013119372,69.92723866913354
63.11386259972629,8.18668012630086,299.9191115069847,329.93162893432,28.490420468634138
79.48113035416485,17.88198407358269,743.1931987316034,799.9234101018219,105.26074108158858
50.26370931051921,4.599092117821724,48.142835978353446,112.84057745696218,83.4696956023233
57.69038846263591,4.262094080501666,902.8949951919873,934.9767034669462,53.79323729303871
49.25176938188639,0.6226816576902272,852.2638743911815,867.4597687214421,136.7008785117946
19.52429877980445,13.033336507517701,667.8046832264065,712.9976414478724,3.14011767400999
72.24521152615053,7.370526874475223,593.2215701073843,624.2998734907544,47.3659726874244
28.07723624408558,17.28716499679274,892.3024981396522,922.0623512303345,8.532209666646985
2.431596643145384,9.464198133831143,185.33017952871444,281.7178317729254,114.97909743324408
64.54722959071678,19.363868558294435,78.96916219082861,144.4362059241438,105.3161181170689
17.711067940704893,3.710510314062423,239.5101699095381,299.62922979502673,49.70283281044755
94.04585843529144,17.372463359112217,794.5782787001903,841.9980380172892,101.34943533106096
95.39285770025873,15.531937055834835,34.67026672648332,83.27525673519631,59.39058392939248
91.48643902204485,15.41843689288104,582.8068350834897,641.4882854289169,113.43806871336514
37.01587002554444,16.895664562337753,995.4375161913099,1068.1161988245594,68.1275494105059
1.5456616528867428,15.220479818859978,855.6960938375394,928.889242493904,61.84195917474983
92.83185625877253,12.524406432628307,521.4456890435895,546.89814073708,140.20948732324516
42.81841483173143,2.6248975536477515,63.64090928664234,118.65105697353877,37.631864983605034
96.66548190436696,0.6505235898250383,831.3735143857099,878.4497429387791,18.067100999484815
96.36199770892529,18.416956956313737,598.9785081772105,687.3259351414551,87.68146698891873
85.300945546736,12.333006290414762,114.93299705956683,181.7606999692207,145.39827184262683
29.444889206958567,15.930745819523526,93.8572848233562,151.78265080079456,56.675882059078
38.50977286019253,9.630447030251002,909.6268194365924,930.012337232695,9.305514544317228
85.11366715168569,2.3461637792478895,669.2002629380785,733.7076729771856,50.895790096435114
31.692200515627768,2.5037158440510088,829.2867993167555,849.8351508279765,75.88974814793377
16.94927466860925,13.711305744579427,878.9789002822673,919.327492083185,24.288450994832054
55.68012624583501,8.606117897989254,571.7723520483222,594.628128881612,98.71533270847381
93.6154774160781,4.010494534006734,517.4463517550413,589.7329799872346,149.6624083515301
69.6029796674973,9.831890934828738,430.4274103209902,458.99010056624394,67.76092139721658
57.0061170089365,1.2841787415026817,316.94658779111927,362.2139313780416,53.20928350953189
9.717649377076853,11.639428038287976,434.59596085871175,525.2066908444018,60.10562502516999
61.500722669916975,5.379868088701953,773.8796557301564,802.2681302360637,17.27192675928017
99.00538501042632,15.951182012743763,601.9234310151315,657.6258867714216,132.49104021393356
14.008401523652402,6.207239178471475,892.5232899548461,940.257739459788,62.2238483282028
51.832965236373674,9.104402981636024,443.38001437918774,455.0111780733034,58.091161713726194
87.73730719279554,0.2324107981620127,607.0895787187541,688.4378089403073,98.95354093957116
74.07686177542044,1.4489377558911776,631.3075530919887,647.5216846603026,66.30501313966853
69.7015740995268,7.849871128133696,591.6971623063255,644.3801141942513,97.2350203211769
70.24840839871092,9.59877669434247,702.6337730855163,763.0948196300218,9.216943519618127
35.94911512197552,12.000410962386074,237.43346837480627,303.9918494701191,122.05850155833411
29.359184426449335,5.833251574186065,512.3637775457906,584.3406241834995,141.0755929319104
80.93611554785136,13.899637722530851,104.22480280834768,137.01931732539202,97.31480792390789
81.01133946791808,17.20244794378409,384.5113276448125,395.409417544073,143.1848893288216
86.70723185801037,15.597019777866997,487.66706862126443,562.7769982332065,22.714847155494493
91.32405525564712,0.7923765069671429,652.2242595454725,710.4333534867545,71.61242842205306
51.13423988609378,9.610138945156578,950.5310525862035,1035.781645874856,90.27101009181709
50.15162946871996,2.0986035683634974,600.6510665483559,684.5760192094183,87.260497113178
79.82951789667752,4.840900317250549,743.5939161765598,829.4932712774693,60.21926686335649
64.99639307777652,19.73325186534293,506.26605949520274,559.9245788933614,50.712661404939205
70.19668772577033,2.8499108580302646,634.1040313763314,674.1305870016492,19.023603382562822
79.57926694361011,9.977763069027121,70.93221613377342,152.1724543669967,58.76136758434173
89.00053418175663,12.363114686362382,254.39158084184697,305.0080510144799,24.39912226582277
33.79951568515358,14.049299410882078,361.8530932051387,388.3628908814478,110.15485147383276
37.5582952639944,11.192973669738283,472.4933550065136,559.4410167670462,31.324640324188497
9.3981939840869,0.19541694838367318,45.64874550238373,135.07913441189498,8.784795792680079
57.8280140996174,6.529226164879837,140.0240975533177,191.991975605933,82.85492067258515
3.5942273796742086,10.354232867694229,276.8143077913058,293.6272832491867,89.28445990791025
46.55980181324602,1.757329982896667,971.5326909010506,1016.4370389935744,130.7869591920758
54.26446347075766,7.012538624183615,331.34700710305077,413.6653964546851,86.54724186265229
28.65412521282844,0.6640621758273313,482.0410581120825,573.2007206812431,51.82212805851686
59.08332605690107,1.5715699431004149,196.09771273839294,224.41025956317657,120.45178222894808
3.050024993904943,7.938465524031921,610.7800710757682,626.8076961580426,81.04183397811316
3.7348188749214417,2.654315080861207,280.6832155159743,369.6447562979298,11.89204269467876
82.26005606596583,11.350816965231163,206.9925784384268,252.03902294652556,84.877584046987
36.019064141126286,13.789299382745314,516.572628445979,575.3311152300597,136.20278181324935
12.706051265188478,16.011733982181656,5.505799160420821,102.63172224498912,59.44689382473308
52.224326005480435,4.003004884896201,7.6640326492253275,23.654858161505384,44.44887028497001
76.99935530986109,3.349651645181395,219.06880910185777,287.41742977254637,21.520418552703006
21.582102749684317,2.091356806688005,36.721362500821144,53.390850532559185,22.7168282903036
62.28904758190003,12.728604990872734,108.02575413069138,151.81795769267643,64.91572265127283
8.5347464993768,14.129514529738023,338.8606493387516,421.2039584061618,89.35197362422943
5.16817211686077,0.6317228965128407,802.5856795798129,851.59818052782,12.092310775440263
53.1354631568148,18.724244924873798,572.0486433693009,671.7950552205664,140.93528835377487
54.06351216101065,1.0394256730294482,512.6677259564165,572.9830616016106,113.27004261677939
63.742990149820656,10.82592670602141,293.48882320812163,332.39341694535744,87.9935877425494
72.60913337226616,14.181210389018329,931.7537194328164,961.5637387642441,124.26580064084862
97.58520794625346,17.41938247492171,397.01504123719167,438.56188932294623,12.028013521816995
51.630034830119534,14.281738642648556,87.0927667957715,130.62076143413105,71.52583165996866
32.2956472941246,16.034561661395838,617.0665161178013,633.2507471129577,94.51396902924951
79.51861947687037,6.789003850856121,113.83839347660141,157.10007142501098,124.29793591774339
27.083225126207424,16.296502274930244,345.22314280169206,397.0046095782223,117.52043400739015
43.89714207056361,1.6022969276935028,507.4119387178089,582.4583364193013,41.560387457009945
7.845638134226595,17.896333121210553,874.2225246851758,943.3281783101205,141.13202543388064
2.535074341545751,10.951847523074726,493.5465803401187,567.3354893107426,18.65187621463055
96.26484146779251,16.345955399249874,702.2587660316642,713.0114974005813,131.27004279317282
83.59801205122058,9.046365690366002,992.8168389990703,1022.4069049613186,145.64103744069277
69.59742060936979,12.871553903930499,131.48911989798162,201.04070585396872,26.573028483393834
40.89529444142699,10.528053218722263,274.7315255195195,328.29056865569675,108.30990963056779
17.329432007084577,14.631790435106637,394.5760755976464,405.05428840779757,6.04282781669977
15.643704267108605,1.6325996406117915,421.82817853883137,504.2326963576954,60.81342377087324
25.024289816459532,1.207041679811276,411.0210752655458,490.57393686167615,77.44249487965111
54.92266647061205,4.942064680202929,907.6110025565549,966.9687272259755,87.09678388644511
71.45959227000624,3.190893602263767,714.0326444668565,730.0143437867209,140.39058723728394
66.01973767177313,17.435671331844034,607.9052140907038,686.8915685486364,100.83760309412921
27.993389694594285,4.384279747160886,309.3727178627821,371.9069407586049,72.19169268288555
95.48652806631941,19.517305116382627,823.7903842212947,904.1667821655111,121.4512554398834
73.78969166957685,6.737915835422137,955.060511484989,1032.7177408006146,142.57992314316135
55.43540525114007,3.6423583137739857,821.1982825502265,903.4684690264319,3.3099223023436264
61.17207462343522,15.793970142849583,1.5651051914729042,58.185831167889134,147.3781908384058
41.96000624277899,13.174155510017522,636.401370183407,659.0305768208234,12.91982085955205
24.773098950115745,9.96391432906278,51.13538144210072,121.5395540462727,122.1580168903142
35.597267865126156,11.107271018752625,257.60722033372184,323.4498609883992,42.050212882711875
75.78461104643691,14.384035565445277,59.524700347771685,136.3274871956895,19.826948663080763
1.4393488629755868,4.5690948266259745,603.7954529493877,629.0847434939539,65.97834595707523
11.607264050691624,19.926678321134837,686.5899134926068,714.1376814836328,96.59348691714203
4.600264202175275,19.495863242935663,114.48763806590512,204.62449461564466,57.142776753521254
4.072880231897013,13.006513726938739,383.83888304497947,461.33688490566584,8.184811242404844
85.54605840110072,3.9908490185829026,456.23650895554204,547.9770729385712,89.91917094880749
70.36578593800236,13.604564848625827,369.0530217609166,447.33740066566946,135.3604914166012
47.41738290873252,1.4439681795835169,121.02500048519305,184.7689780243202,57.482304892087754
9.783416065100148,0.6130500441161213,418.9477901874754,487.819736519984,32.449916644624054
49.16158751168324,5.153657770224274,751.1780478084181,841.199560963019,66.3866018899223
47.34717707805657,9.252459134786326,71.00766453325546,133.10027243933013,7.254406657317131
17.320186991001517,17.36545010816761,80.18001408190345,147.0952332714583,123.07313767204123
43.385164923797305,14.543381395326161,354.77129183598424,378.8541962763083,123.95112164252801
39.85047343973734,14.85413042399962,941.7257116189251,994.3786214293743,88.20006951444427
61.585009805221645,8.509866688961507,668.5726467229141,743.048386799143,52.96543334075842
63.50936508676438,6.918699850939259,678.6699566725648,713.0547995210377,119.9675046668675
4.530400977204452,7.4207752596920535,361.919990837865,390.12286708507315,83.20305371825508
37.46126146264712,19.752991274721158,593.6607912085384,631.9052039487358,123.88984628250243
62.58599157142364,0.8021838282496496,10.131184027743378,41.866240547098386,94.7188188874531
50.31362585800877,17.340629922448972,636.0960464095422,665.4381837428178,117.6608209819196
85.64898411883223,11.573508171447868,913.2869475762367,961.5235234343645,89.78444898266399
65.8693631618945,8.77230838379181,612.5734683448192,704.2789345943372,62.12116023234993
16.29344270814297,14.50515320830273,873.6985934663451,929.3339616728297,143.69187898892062
7.056874740042984,9.733378828494057,723.9730554660938,750.8858897394729,81.1670737318267
64.24192782063156,17.46846476163321,120.55841640369025,137.48586664796892,90.76342778108076
2.6511310541621813,18.01403728022517,902.4533072858417,975.1073603482549,33.07314591221239
58.57755812734633,8.434418537469108,66.44384435577489,110.89573315504978,93.84761841409147
94.02302414249576,5.536555944701032,533.9674725477638,617.9322577404462,85.74114742244157
57.5474177875879,11.847006571867244,142.13712379345768,211.493092971127,27.725759692053742
38.816992620652194,18.24726691233382,11.706610730904066,93.36834127962723,8.938064602971558
64.32882184423532,4.213243780113332,422.034260127639,456.5094036752994,90.65389795721566
45.825289049151664,12.459331671269656,295.0407076541562,367.3530106756515,114.55384040254808
54.56167893159349,12.631204401850411,486.00049379760304,519.7660724200377,78.51020563830123
94.14648087765252,14.66226044830562,577.1998867345508,671.716049885077,34.01589379794686
38.610263780077425,2.631353702545196,43.73907230894736,111.01275764695106,99.97829650395524
96.11905638239142,14.31649929364177,123.00329512374563,162.20935713952642,12.015858991440338
90.53506419560637,18.18065041331282,558.6423964504254,592.89846405673,66.2750557202932
19.579113478929642,3.5936621774048394,343.16735317265824,370.35074582910613,24.505013759763028
6.9361300875165455,4.750866498477553,729.1734875494479,801.6911738498834,27.668857658982503
10.077800137742665,19.427901880832792,652.2916485919396,681.9760537617531,30.344092373730547
1.8221825651549728,3.6195390541897954,845.6043629899068,909.1816569233808,58.006058556596685
9.44429607559284,17.087701867391583,692.4928266692253,726.3099790925075,7.6725308430596435
68.30067734163569,9.845557128960696,429.9310773901481,499.5082824215963,59.66901613936473
7.118864846022898,4.944621488063541,672.9666223944324,756.311197963081,76.75611706720512
31.89756302937613,17.414998025450227,275.3811742554185,355.4034461384373,72.49414274494877
84.48753109694546,8.90610510005331,306.3134987782127,384.79011856198304,57.417615060456086
2.3271935735825866,10.296347078593804,788.9851599207933,815.880176433096,125.87199121061288
81.44684825889358,7.184667387995313,446.4195164015822,464.3741616301889,21.799003863075615
28.185477477339994,11.859017028698549,798.3803405183525,871.2857350822171,75.85451156720609
11.816482762165625,3.2704774517004553,822.4223736682784,865.57362290977,9.306212543483145
69.67371653641507,7.821630733035214,857.5623376612838,906.473498037585,10.673351831686462
62.8942846779884,19.38824644670575,916.6352358412073,929.4386541926125,86.07987745156444
87.74720135270529,5.162668654022551,430.9852205132962,464.34710094805064,84.90276373317315
73.50710438038858,13.134733290825844,318.86681832113885,331.89769466984063,131.70502692666855
80.34809303848486,6.503801284493898,582.1987465941139,671.3254661282263,83.68105134901097
28.203457257130648,15.469462513732013,371.1724234376276,403.07812492729533,143.96865306072752
17.743954377972283,2.6174732143669965,601.074166800233,661.2345120618037,7.3042272599894655
75.06147516408583,19.396420901570895,705.5858626438246,719.0940015033264,14.70115271711116
80.6834739267264,9.075790827672785,688.4050184921368,758.4212837096461,6.609879235557209
99.05051420006733,4.721009266929279,374.5528870201214,413.6253481379898,27.791527550031002
41.26176769114265,1.4699349466002531,166.86020169875283,257.6729285249428,81.19051664125172
37.201808579278314,3.395158101750815,430.52933846220753,520.4599754662707,96.8358272141142
77.64129607419969,10.395478971120353,142.59414408190872,181.87029973446602,6.83777369230032
34.08035402530179,6.7400635286257256,890.0970351838083,981.1835157959504,141.8956334768399
93.07573256035647,16.57766731765219,345.8774607378574,445.53165135274753,126.32480649755716
85.84127518430118,8.617750473236118,154.45974722332377,238.7471569944791,44.49187232356397
42.89940273750184,4.974285451752598,25.44775990575088,111.48618120372149,11.578129533970195
75.08710677914974,12.342899732080602,645.8223862864843,678.2331725363024,25.48306098285859
75.45428740846823,14.135544337708916,636.9023174547432,698.8055333519412,19.0416620632459
10.31238688359326,3.340838158018997,340.6041665812917,356.6571988383548,18.492566894842028
90.25529066795667,3.3523843257663533,71.71188884765101,90.25450316160129,77.78425329986008
50.525237244785714,0.7334285386708594,409.628894895232,509.52922997822816,36.87711637401004
82.64574661077417,14.72804030131281,311.2174950633936,350.61502751172554,53.72095747937167
32.00496010306117,13.276090552436102,677.1206397350094,754.4571918194056,148.42580000764838
89.55232284962005,9.492617514996278,605.7792494526904,688.3791042251038,102.64713733880171
38.92016787341631,16.883408979383944,364.59372819754,451.8158225881906,142.3471000570502
1.083765148029836,16.113403059001065,217.8925542549901,317.6791010211842,21.383483254967338
90.53819764192636,11.707087287935042,988.0359661555918,1019.7706498287099,57.32092122488539
9.128667678613356,17.365425610265174,454.00162119611485,467.6331956134878,83.20977049235314
31.93136375904149,4.1168242007353655,688.2742357802371,735.2814723997498,11.513709283310703
95.0061967050805,2.2383923879545575,140.55296757836078,162.26022786296602,0.6281165441936798
95.06071469375561,5.394992230339792,485.5896996593978,497.60802968398275,100.56515006953762
57.34378881232861,1.141737121786297,27.536719869465486,69.97513431219923,96.2729275202153
63.183721216979926,10.62339056002064,505.4551179104499,585.9915605072213,61.618321499941764
44.84455219783198,18.732113845899228,964.0174071177023,1024.9736693279588,73.4466114048049
29.321077169806454,0.7868708133701929,384.2067129858002,422.3567320147321,62.31645008881344
32.8664545369916,2.442198280200536,38.99601257491159,107.88679306925636,3.6007567267333283
67.25184560770384,9.043980565668706,30.955790919343528,61.837427147136495,50.305740932619365
75.237452943768,18.6775003505581,387.9867599468695,399.28109009335714,26.562338309593475
79.15790437258485,6.32312209953501,160.02493646319405,238.81674124247252,14.763628365205312
78.96181427945538,10.144696173767848,23.35209632818591,89.48897396594673,143.50806508340247
9.120610304869036,0.8314571810078419,756.2136139501769,834.8208501552633,89.90395875632484
49.442030470258146,2.9668640192417772,458.5230088818907,472.0274303837806,109.2984426354904
5.755876001664428,19.73260245917694,289.2447719726545,374.5855384774132,47.304561489917624
54.95288823237355,19.30237392872091,900.0831830164807,965.840541019748,58.97206942410228
44.1530501373377,0.09879961868819231,116.13896020052562,176.84454176466323,35.53859908450852
88.77041827582998,19.03623570846478,955.9188289553192,1022.134093285627,14.544850644813712
35.09150125520787,12.782398756310007,313.96671737735284,401.7657095955056,26.85474561623757
11.706701642760587,17.358365890400442,888.4036723086813,951.2279578989829,119.62710679447288
14.299168205283586,9.094797112677181,602.9428764794616,665.2284106693977,101.63187077756638
76.15106317174723,10.311920571585006,826.7073597414875,925.8684838774064,82.03933139782154
61.82180633162611,9.776931605138405,984.0131632104643,1062.1188782466354,71.2634809300152
10.112267612279025,13.337285150922087,288.4054378187457,338.2118803093479,138.36514254841867
8.410680611499743,2.793025095126258,961.135485407593,1034.8012154105566,10.910242166800261
70.096913145912,0.599471797453559,389.4818949024204,434.5126373546814,42.0901219856874
7.276300636419353,6.158598831823818,385.5119047369223,416.1106963604372,52.49067803560711
82.18600592903562,14.093615254732935,340.3871042545057,404.103773174404,117.36387183191817
70.62422271564962,4.037069042458967,541.4076073475852,634.9439961778409,148.8771930242957
8.134878064189976,13.468648666498346,154.1450431784871,247.76759997987875,36.10057721357296
8.483771408519193,19.39824092214541,553.7114853580111,594.4829603875053,131.1461001205621
98.66395785011754,1.8780143157883677,541.704812410004,599.1957843699565,124.5934140647687
37.427079575612034,13.452042364502525,761.90181260487,790.9490434761575,33.69860964626499
37.06421470668909,8.875004386091423,833.6499619375855,933.256761792485,59.89988702988339
81.27995672575025,17.362845087550106,440.44135031242405,538.7419620205383,61.45093039387787
94.72485773838586,3.542995788947718,302.33324935149375,370.789053025164,146.73310027898376
98.6001063822871,13.85251904452329,259.3348973170945,341.7321626880671,27.133785206834748
75.33781852589416,16.762305792962206,194.62383670487193,268.98285122040494,119.8736956657173
37.62595855309158,18.892284389480466,57.64758219902488,121.03182191257702,50.128907125966485
8.350071669866876,13.664960565792917,342.44797883471335,357.24929856371415,109.63055186642406
77.71469159274368,9.943495280168547,270.24769213078326,321.1764829605228,63.001650644349425
55.840424973580504,12.356944804024277,966.4173858664074,1037.1481530614742,86.753964467481
42.42220092469763,17.378099689574363,557.7088262500439,628.6866714995755,124.89176599891967
90.6354385094736,11.412194932776593,347.2770390305075,390.85807468852204,120.62483474758263
11.119748230615134,0.6077411939367372,580.467600993696,675.2198797929187,129.96347753095503
49.262510429085914,18.618973910139555,139.19670134569552,164.2588342470058,8.942598801698853
1.1353644767419069,13.790535020631223,444.0437492022029,499.0760993616033,103.80758295596172
46.86606419941263,13.53026771554493,626.2343214210638,698.4138793106379,20.99810650826443
5.630327568183735,4.3135030479543435,488.89783179245137,561.6400543227141,62.37278520276165
11.881791626807193,13.177709404653143,401.77880065432424,470.15630676351765,82.28826225820328
11.752624677710488,7.87728811308317,993.8483888996982,1028.6243281103657,60.410922712024615
64.92103021160635,13.024659540829841,880.314762148927,904.3733533307229,77.94175137045113
74.60448792654233,2.1318606061598144,623.4059581594402,690.6405875738442,149.47894631979287
58.336876509715964,13.156906092060721,569.3773611822828,633.3145516348322,20.28259705692821
96.21725484745419,19.98827451541333,620.6604798245841,646.8025207506157,101.31840680046383
37.48705795237041,0.9642407772111206,201.31210782243326,274.77463092378395,59.40014495784228
28.571208628186074,19.543483684426345,395.1377432643186,446.1032225203477,19.951469836099317
86.85991281894603,8.138159214457412,39.45953289089932,109.55798613518309,23.81051450614643
22.359583851945263,17.415069006745185,475.54603748682666,560.9090746661402,142.39096593684255
96.32225394406113,15.64770968116547,543.0245839576631,568.3001425295862,131.9402245067643
1.2154474689816341,11.340325219733355,227.74973610320959,239.4727742229249,136.05629406225327
96.98788267076391,14.76898418502653,964.0288471655138,1044.1480799411345,148.72991637410797
4.315991195057611,17.57031122602696,909.454610937242,974.3273792009775,31.247308501277693
89.11431136980711,8.082806433020659,722.1432354559058,795.1107967218968,53.31590060460926
52.77011090862999,6.540663231264774,533.3866287653626,618.8205765143405,100.38285448873
99.29647961193004,13.351867711271694,869.9691596476849,952.2221437818899,72.57038097909708
7.379656473539886,16.15691883882517,130.6523438234629,227.13515704705713,62.758430006750025
55.38542844013208,15.245702695532316,790.5097942748849,848.7439513715756,53.67168740033896
96.9302535619099,15.95627297717269,124.8208139668483,178.78542090623978,89.06709479151783
52.30978441701488,8.71166629625866,794.2106625494055,840.3805105395712,86.3390142960123
62.93986381352625,16.35668432350043,275.767568251357,299.5997621073354,24.218675109636013
69.57486889846172,2.404181107412169,877.0905810181889,938.6252319775709,70.76097562776586
45.454106476777326,10.889781959216991,944.0420938253978,978.9732210147359,83.02076643147748
62.75580800840635,0.11517320996243141,148.79596940511564,241.71364550428342,85.54304080970857
58.43143119231002,6.4917165980054055,462.67560506539354,525.1627774503323,31.51607893685277
90.11580104909889,7.329230697427958,980.9873781626851,1044.342994408415,111.34070883784301
4.5446380341457875,7.923453832185108,483.4074359731466,525.3506554520775,3.779864223160445
28.096318959223034,13.909344133797244,863.5475225145451,878.2265641925388,53.2247783314744
95.04114840765587,7.771162025406914,588.7315221313198,601.5884610148888,117.03189728034504
89.02637838909163,8.973872452450614,375.32990791960185,423.4300708933896,84.58393815831035
45.56567527857129,4.75088261748655,285.7835555258702,303.3944395546216,39.174364876629035
62.013259780153675,7.465035832586802,203.22309108608727,267.8393170846998,104.24296790145716
27.738118298113267,4.545392545263029,761.7981913776972,851.0857618852664,85.108641623411
18.81211597237613,1.4639184753688728,386.5405068230279,476.0028403097129,119.43654141845808
46.36984049399822,12.068971867627559,511.2754622007512,580.5895491126521,110.25377792847351
35.33522280260528,13.364255971100325,492.3254800011819,521.3363448337457,91.5161883054352
58.365611185087204,12.38980692019229,577.2790292331313,664.9487440554298,73.22665129662211
7.773463696498483,9.269880876011447,865.5771456245523,955.325554802741,19.977318850128512
97.43948076661665,7.595715603584596,980.7393435834294,1008.4381662291958,39.19995268280756
98.62107444796028,17.266672991436504,407.58420857381697,483.9525562931779,62.86492093756279
69.81617140197451,10.381635702724362,827.5189221063031,863.3056815097441,89.8948930509583
53.60963663441204,9.58363755259462,764.5277946547177,846.7654227664814,77.05617828229572
30.952761628632775,0.5128413161287138,573.5289514555733,673.2803624468975,43.22767889392942
81.37950197069486,6.824956552523127,956.047143611933,968.7494840915784,0.9696536684565826
68.47311725538793,7.603912375717141,200.47451552840278,291.23744344958664,74.43588328512209
16.26169393448913,7.97645561793801,109.26421030962142,175.30095833350066,42.84389828433646
91.09271844938425,11.603447384546646,853.9619669554221,951.566402680256,110.19124510658025
82.2537242923169,10.67205093453757,439.1498166337483,491.00067321112675,3.591939790572524
94.9799913291924,12.158101855868892,846.9688542070604,933.233767958484,87.72417169586863
72.571950838836,15.297665230842565,893.0902051954149,908.7056713692599,141.22113562590982
61.34151959357899,16.25971477432187,62.45759361907144,102.63270812611805,26.161390066724927
41.82430362906189,14.362461524529888,883.4647629860607,899.4962513836696,70.7474236125893
93.27284833540132,19.110473919098695,448.3190553694222,546.0999373825385,13.713298772570726
86.60638895004084,0.3646516535272326,510.4324890042322,593.9601406586975,93.85228683920289
4.521867010618941,3.915559713670922,626.5925110932102,713.3217790053475,82.57975208943384
2.6366974497252005,0.1512574995628424,926.3826067300868,1020.7994775591372,61.10482863192485
37.64633668780496,12.94949428309206,19.11609442976403,36.775408180544716,78.20655322106118
81.0553330781833,17.96061097899974,476.8434683178171,521.5472516440171,134.48619877035154
98.72761293149445,4.8696459315259855,687.7220424305607,704.1151824445209,29.444145346660054
15.041689110352818,18.540690895926133,722.7069576982285,751.6783368377311,3.384676755802085
59.41307153521351,1.205347805791217,692.532431537108,723.1753514704985,129.24973270486515
38.08908566310215,18.688720536110285,134.43512940812187,186.65477840240396,86.56756235818597
96.99143978146031,7.032453744792688,299.39558837168124,333.5661834425091,133.59876831927636
84.21189231357087,2.0284165689843303,358.71552541701345,377.80355503061196,89.5417835119759
83.83287047111378,9.717435183726513,804.437207679505,829.5114056979747,121.52416349395537
46.86931597949703,5.135531354410158,278.759872414553,302.0146731342412,64.45100450327219
41.48195023376652,5.697458039238457,210.70496386720316,308.28187567931,112.47898969324032
27.340707193070624,6.1457992985257315,957.4480190380962,1035.7843446607587,136.9562200334784
5.6375496650927115,16.060517956653268,8.8632851134689,105.96181698772948,85.81844455833094
86.47223762550531,10.783225533505089,997.8208556819782,1047.3974994676898,27.11777258435693
81.29010091300776,6.2261539831200725,676.8212988573956,711.8744622070348,40.319642254529725
99.97176732861305,12.206675666218366,828.4692994491171,910.3156871979439,29.796686534610867
99.66368370739053,14.323013484463871,294.6193963461932,333.9822489698964,37.02855413935994
55.543170560262745,5.452480014670675,14.315277667059977,51.25978130054132,45.96231740265546
76.89874151805105,8.27098203050703,737.8695185615301,768.7950578602349,83.27006801297827
94.47657298824281,2.437721866738951,834.1445970006757,855.8157050408569,88.19874441957492
84.96473906774115,3.6229869906936063,740.4761319535191,773.5578074450281,63.97496208627917
24.734810174319765,13.622357079299656,142.8502873008386,184.8290646634885,92.31311697312532
45.05441353100935,3.628766953912539,753.427922256969,824.0874009900848,12.236238841704889
12.915941515149498,10.503267673341202,768.922782107641,784.5536179073916,13.168235558723996
95.40510272587224,14.180925234448654,658.5405156700549,687.4861402399358,25.774419053648767
60.617463445088006,2.1375384618948767,766.1159327955862,848.9280604218371,77.71162470605171
22.864280550346272,11.346244392578072,845.9214396777321,869.1444128002714,32.09920180474703
67.17006844058567,5.131255674027275,613.6041142374585,654.4421774244854,42.4926605238866
61.81282404578958,19.258537504751597,88.60471396967907,176.42401693691167,60.04692542594911
35.81627180328405,9.670912934398494,487.62780966721084,511.5710876701207,121.77991860155697
11.355759219962902,16.119850995503164,77.64933467160506,95.09564987724215,2.0793203869290178
67.15731955927996,11.004530843125234,407.54303103243086,461.15145058963185,97.40682303549336
52.03077009037933,0.8682506570963833,407.10648912562766,444.32424514069595,100.3314796561028
77.23183917356393,12.663027511880447,66.00984414024158,126.71659694378846,119.79836705349548
52.01635011119934,19.02806684413314,348.8205339694793,431.16297411299206,139.91294085904698
85.21815003185401,12.032236402926625,110.99809879131483,133.34146272506172,3.020677342393474
55.190683877448556,16.383777188535802,808.2352100092222,870.4981276191079,23.067555826982428
56.093797153538624,17.684129266968156,947.6880259644707,1003.1838143995585,132.92569410839894
87.66536026583451,4.5615954389786495,72.3164752579386,95.28356599912657,68.7777843280523
40.3482866212397,4.240896798164533,955.1152072917014,1021.2750709893098,84.68859584001953
13.401522845064074,12.219619777019835,522.5765993367452,557.2042369442146,99.45408055847211
2.8782676313338973,8.220569396134094,299.5656779538739,353.470766622835,101.85999067434561
75.5137255673619,16.797226057334406,76.86207527616351,94.26658446109909,139.76106049747622
62.03095513534647,18.000462467960222,500.6242680704178,551.9868332196439,149.54241261175045
70.40797680992236,7.068427586054362,794.5155444907487,832.0972566146024,108.02361913964104
21.296416150891073,4.737411179489641,707.0864772666981,791.10078627338,43.08318138077262
13.637147558676975,15.610510304877236,50.22601146397376,65.35409689373691,131.96286034415155
1.4544665667881929,5.496120710962722,72.90183536790352,120.57649011055321,7.383137181114241
35.058755880659696,16.45228637027357,402.8732826326371,454.1321108044665,34.66212793117443
58.991768685463306,8.474765072975256,295.2904940479433,370.54104091486397,134.60785761955722
39.22440450997323,13.350997985829409,232.38432305604783,294.0702048141668,38.42872716590324
43.747492202372904,1.9107062766933636,281.0044989087136,351.0536092561899,33.09765894326227
90.41586944937484,12.47718649353146,803.4827432968847,883.4171790055427,20.718793971037087
34.82554670233004,9.035353574744583,929.2280536318539,1016.8263212610908,128.8667636470375
51.39894891598108,11.732169263509482,405.1026945275664,443.3514892325888,75.00873887866301
78.3653012741143,3.3602841548972684,906.1110021324971,964.5330456152484,101.23398045812321
39.65427823212701,14.737474898883642,321.495701247882,407.10542830740997,35.85995761125445
62.20867002278735,17.25594155086457,476.4369863437916,575.4875881306467,113.70606315168247
86.23637087467452,4.334796001815513,226.02899781599973,316.0857358099384,114.00083174431478
94.9520623657642,1.9142911104032345,640.476042175844,683.9080958120379,46.88970373624502
14.707348092903793,0.4727717209267279,978.9811151748089,1006.5461017244875,61.60239495154243
92.65876251614944,12.839430008865321,603.4930960433786,657.5384244099716,31.453541614530128
49.21162930795382,12.141880721775616,357.81408411354886,434.56181477879267,146.48415349843563
25.824438829895836,10.9339482542814,647.8174459905284,702.1486623583252,96.84038655876174
45.913575623826134,4.638941922319509,122.92067846538757,176.40695616361774,140.18158210732733
98.0032575285477,7.818119918110293,888.6590802653986,974.0998181627607,45.50783154436998
49.26180939928696,11.889526703723462,503.08395077983636,545.6102908958832,117.28363694953346
32.875161028750824,9.935337177183388,449.3497420396421,536.7312627726902,114.8787965827113
63.34008543167258,19.755710404297744,585.8647884535192,632.4772205391743,103.74834777998123
24.014561877819308,2.7287950511346626,624.7838627894024,664.3248423004529,144.84584629002006
7.586332810866391,13.902891080951875,71.77580622651303,122.63489823448595,59.03330041594733
12.887972191064922,8.086375362085843,682.6172212234025,761.2374475041406,19.607598538463595
12.804583895777244,8.563992298512295,241.93168031552958,263.27186282328904,100.75632888660911
15.190269351229436,14.351955313163526,713.9526325065898,741.6303619350714,109.39647007158092
13.882717264941014,13.848723026487393,822.5347943841967,918.164828693875,86.2590860188222
64.08747448032146,19.825119874043764,803.9585075525202,829.7527540168425,31.02268397000944
18.188008439914483,2.5678857890825046,552.5009674078891,613.596426021684,75.6683912504033
34.56672833238632,2.0821929876833267,520.1698923107512,582.3081943103256,46.82846048536941
89.67884099060119,14.486776342574823,142.87596133941173,196.94216292393378,64.11997922500336
47.39616402628724,11.567738340128182,775.3461504031355,843.3732227750493,96.78278637669959
66.75577385210272,5.483213331196117,271.40938044671435,302.0937857685,111.78221140362518
17.231987120162984,1.588387379779732,496.69542281794656,556.4350269178539,34.833703635201466
19.228901880867078,1.7131649919286107,284.27409292751673,327.76968589973745,60.798804097043
4.086861626647886,17.883817493282365,133.82836299969313,203.37841636632015,40.374235648744374
16.893506307216455,3.837346494374858,629.5576968917366,652.26781579532,29.79474207928037
27.85903390319586,6.467431242310415,54.33203482290383,115.7110023384567,117.50808299937576
17.70104842767468,4.53312804453976,748.6452341262,775.319566110699,136.38790416554886
8.87025337570556,7.099926116638747,317.58679526111666,352.6646709414699,55.534827852686504
12.06358711006008,1.3884768549218673,0.13469300448532007,29.81857503360781,112.69183865606503
46.077876803272574,10.381195818165407,511.1291392372298,537.5845394254234,134.54929340466165
20.63337184057925,1.352251271844298,46.85190852760313,131.16589416806318,126.91863157953473
36.42698610480755,16.007130156447232,276.16955782089946,311.8832389103796,27.422008280883887
50.34172708548569,4.6742416382086605,706.9764874557162,800.4176278235167,143.4437822270042
69.03948286293652,10.800238292090212,62.68962162186587,159.98300890293305,56.50146606441937
3.9312139841098936,17.601581751229165,839.3384923560023,900.7519346503411,50.88609917607545
79.94103989090426,13.017547380943883,3.819922658583108,26.690023698498486,9.36469909166705
62.79003894909078,10.659155731026706,246.82386920190226,290.5332111060646,72.92604811573246
8.17590319488719,6.486675062307512,740.9040561520715,822.6999598534107,16.352042346139307
87.35786241067773,6.660038261163958,316.2701497293068,359.3353153120431,37.2809731391139
92.08724005318132,13.389739103963802,101.89238806601352,119.72393771326452,47.54139326509221
6.107795985486375,19.88278722442335,360.2339188004279,420.3445607839648,121.3239485237526
27.687764814720374,13.236783796987572,270.39328638452554,356.4541630191687,131.32329755938449
80.62012797930613,11.155668347400498,842.7119021605549,924.3452770034702,45.369947619220454
74.82596903836584,14.613010204784922,313.34791758514314,339.10900019687494,128.80471818668607
18.45210193563773,9.304112245674363,788.9324717760072,859.4812870731292,128.58464060546865
20.93493233367103,1.2028468520157043,891.8721448107348,921.717528519943,114.69764255773103
37.0472102791382,11.245936317558197,433.8174195765295,463.456097686225,22.004267102277232
48.45229851910213,19.152505690107603,909.943143854392,998.6096034518587,103.54842703510934
61.825477153029595,3.506058847153193,377.3180539631928,409.78825970981353,141.75360968708532
36.891363956977244,13.800097816413315,964.0784164901082,997.7706776767293,102.38107181507355
46.25347161331479,4.0186737731811295,89.28952452557293,99.34832969408988,49.742527366175096
74.74709381337566,10.716553689461625,687.0192665032428,775.3794795745393,75.08689761462469
3.66832028905979,1.9335289929343924,493.8140404569287,575.1475736457509,96.85875650265804
25.243694434402077,9.007418725163703,387.64880545564705,454.1084096138081,76.58556130927553
71.33495858845524,15.123266577904921,632.711878748601,710.2357975030968,17.992941259645473
89.52068376871993,6.9514304847796415,703.8570916343311,727.5414627025355,46.8096066978031
51.167744211566614,13.29823448974436,4.363269650309087,55.61239316319087,120.35940458304488
53.211348526531566,15.908999215794584,166.9530887471987,208.562833608589,129.2127069143276
10.717201133977605,18.543556389589053,713.0460506343187,731.4859379974502,20.595004907335536
44.741236682345466,4.692841637109071,666.3854135782065,720.1371572475496,142.8580128598087
53.261726645502314,7.986318316186162,966.0475051286772,1058.9140736595145,49.3233926772914
24.247050363472965,3.0483202666083486,761.037790250783,774.6431109653455,99.347060809608
26.924323094938096,19.849670043167503,950.7727077313381,987.0041899457796,112.77377189350217
37.728416310462265,18.540019358485907,702.5405015348069,731.2191857933202,121.79193519568251
2.007119777772637,10.799142605611191,298.05220863944317,329.48540746935583,141.86245533388953
32.20791655831783,16.840665887528424,105.36492225085648,197.12403192000025,46.93793220432339
21.144800699654464,10.419159545440843,781.8238633449356,833.9500782260217,128.77596818273318
32.74973521779147,12.471713760055195,644.149221475916,696.1161686404996,19.753035515431055
11.976213181925122,1.7824886423203323,48.18601239329623,126.63782021427164,105.7561359530389
89.0527280739895,15.105408409936159,360.05046590097834,383.95476426142164,111.29665942709788
59.359245355404866,2.5542696727046965,956.7998154842861,1010.6536973532907,101.65848618019807
67.91023191444896,16.521352605050566,500.4011457102012,549.0998149810965,37.847210420272944
78.91712386073382,15.640561753407718,432.72913601970464,496.4510981689037,130.9564720522805
49.84421989290573,14.17489395485953,457.699605159294,557.6597984518335,25.32876950555925
8.69202880874237,0.7232076104952423,208.8827240051637,288.13312447254793,8.045218728124626
53.71065418185478,6.062567118906572,368.7071708647952,414.51508413636367,107.61974859178682
58.68411180208791,5.262251398216858,369.8132559871766,454.29303069184084,71.32135728491005
74.54394741843299,7.202728149430381,52.3550201874724,77.71877288559561,127.36470299380142
43.16595462296794,1.7528549352767708,767.5676285179183,780.3093602857247,57.509571158738844
12.758030279556376,18.739156460621256,416.504431903879,444.90478542566353,25.241788276156925
28.377590579872447,11.076044814247526,822.1798868164233,862.8169268667067,125.46632887048045
36.30822963986351,6.1104862131604705,850.3480011198953,906.3002692912557,82.33644474601076
64.59172413316013,7.939630341485668,211.99405469865806,277.35567734736605,28.379368858553235
57.077830466891186,8.944050810096712,657.3534821701286,749.3079967194266,108.05759978796686
35.60967258978462,12.011886667212346,472.2818041629817,528.1686650225229,76.66704577342507
98.65152487929797,10.313588553929955,880.156737921485,935.2715459378007,90.64694733604797
60.577481935688716,18.387839464288348,215.7406791764541,230.2625500605225,69.13475073098728
23.72267917359945,9.939269658116604,677.8132003100442,690.9552400491043,124.30634757270096
10.178247262040374,19.84316029646625,607.7521222527225,667.356518825196,124.43440735245747
15.285913918433202,17.028499154901915,295.3014775718328,344.73755276418376,106.40832327365793
24.595772838450813,4.170210287146716,136.60090365117262,222.1271391993995,15.81020660946934
16.06813732595557,18.611904292878325,651.6397604772766,676.1009231013427,125.82807928561033
18.656702405130577,2.327327957709522,738.5974581323306,750.8449077228651,100.65194707993648
28.50951686938471,16.348994169823833,315.62734376335,366.0408328770613,104.55362490064492
17.33735952947548,7.612465869531602,644.8326040223138,676.205674130017,54.447426060580746
89.67654246264252,17.55948640890139,395.1309076115033,409.5962012119987,131.891933423551
8.023374566164222,17.361133802149006,713.2068832826177,788.4207290989043,108.80574003522862
52.451138957025464,16.118508002352424,199.2152748940531,219.25864489020537,16.88856997937917
41.03968269896615,15.800608726141228,890.2150026361744,954.9637576368739,61.1667051609244
98.23786169086064,6.093582781960816,287.40959646557974,322.7040739805998,132.95705429402125
11.203890216805235,1.6183856610250436,367.7859877561529,393.4006322881049,7.0795052546068495
39.785559904574164,8.059603575303228,58.091952080349785,102.26958914308835,144.21249294630744
96.94704332753689,3.4704902997301734,111.5122123212764,193.64233218134223,101.87438524793441
86.55071258939803,13.899021778049235,515.8619027123282,561.1503246337397,94.70639664650649
81.707207094928,6.921994530755711,267.5926767279715,345.1619451569665,40.58388847319871
25.790282704493983,19.512204017198297,835.4802257421944,856.773992454118,37.31876831087656
17.088758739006582,12.81944154690664,14.693388654953843,94.24281642481097,141.3087329232893
66.8643219924431,16.449611272687218,379.0940486719362,410.41804791353456,44.74086813511841
92.93759891275857,2.6504934548369685,337.34554676909266,408.3109284590912,116.3257945078499
55.67628930139298,17.24028964545245,19.327630917601034,80.2479708532907,58.96826973106187
57.161268946989985,18.455143810267888,124.36839900051022,217.99142354956209,20.888110617705596
27.997909366028416,9.741238376378718,413.6426749186353,458.5017015364136,1.6072946543038424
76.94929331919369,12.125058755019548,492.86458444744665,508.81945144254627,81.63860055228763
18.704374855752338,15.29619601805991,404.2897472548691,416.0137409544819,146.3668227823399
32.367923640424365,3.496772545208251,530.9376784120939,615.3549488996416,55.37042907138067
42.54364386164168,10.051321529268849,595.1316749056815,652.3578822952104,53.57885009895673
50.7610378684455,7.973260555446262,9.92382112783563,89.69578579298107,51.61374267741631
24.240973241508023,2.9274798432449822,464.09515945350387,495.19346345454017,78.08157559572876
11.483682473920354,7.350688445830629,963.4992408875884,1004.5567779837794,66.09973251364403
61.06200424416326,1.3634461877098714,519.0322801295487,531.7416286285674,131.98719400905216
28.863055324025577,0.5162381389897397,677.5422674589532,774.0765766706234,75.82811875852354
58.123822142261226,2.703325783096455,311.8638579168832,381.9719695199564,76.16367572828531
15.436271527420232,19.262302231783476,773.9913781527625,867.9798360511,20.75573920808349
48.114010185481746,10.99059071790034,772.9214818761151,806.8161585447316,147.4109311365579
53.258943255158584,19.3164432230644,521.296047654139,586.3277726644485,37.49593363032445
5.182353682242691,8.64995756660264,976.0138232792136,1047.078820425551,11.0046101189404
33.660427819392055,6.2363226617051915,125.55021476265338,164.12968778583632,99.47193734628132
13.441467693897424,10.122837256804882,16.94766488958099,103.2774960409877,89.3049555235309
6.337497047276774,8.790233772658203,770.158211757096,865.4027434181182,62.27184809891186
98.99602323899452,2.1132936852348783,807.1555373648825,896.792497957523,63.32883508210171
32.235384497472296,12.816526293804124,120.20722912057624,196.72325695511978,117.75958815696468
80.98744458546349,4.320763650191992,265.58283295860605,300.5546541338519,29.35689601494736
25.464065476376383,12.39175909795659,17.55236336662891,52.89780715613577,123.03799784173346
68.15027222239293,13.004021847963067,293.3086107805647,390.0110396207081,97.31206708425272
76.02278598896865,3.040497062572962,773.1418739186715,784.0674785528838,62.84546606692866
59.56387406078443,1.2269925422133632,517.9605277125789,592.405025304372,68.70429248758029
47.15761885501584,15.615231721368797,348.0955931682881,421.65774779826165,38.497081077914366
41.18409141472685,9.196008475386403,371.7392949063303,437.7813535918121,112.81714990454623
34.88682665429953,1.1632759101095158,1.3536257154681541,100.46342186328607,76.93121134579016
92.95291442478259,19.897326343395342,299.8005275652359,337.86967678397116,48.128181412476536
83.06194077877291,1.1556112199273327,646.4587416379305,687.0562093793228,89.40751736414254
96.50269106665125,13.900704577171064,974.1944438163571,991.2989900815471,149.36016780769845
12.429722348554472,19.67357850526827,847.0608269838995,896.9126592728359,65.28934194848307
73.08674752036443,4.783602084318512,23.594964645529124,57.08933200666545,138.10371011679294
93.83404568210378,2.8449873737439235,898.5606046748393,939.4654078708272,51.752525988684916
18.123306616566015,2.427698788448578,783.198413298626,868.3098744216325,8.209906038747883
6.6496267366777495,6.065502951351911,780.3761235709804,874.5697297884551,30.636315955264333
74.11206492900591,2.020916220212934,457.9957590035715,484.7117354840382,62.804271499152634
57.44731131799119,13.843226833882639,398.0052929545028,441.53109679431475,32.94523928918535
84.1828776758272,1.2458359626012538,302.91572883319265,396.4924794235781,0.034055732738330624
13.97723766262895,10.188442562995794,65.69485895436577,81.25762041639581,137.2502306621291
79.52673118598902,19.933937077059536,228.2353634936991,246.54781102372317,126.58191168463935
20.162732004774455,16.279405390120377,246.60363497802462,271.25482400658524,111.34383472304206
16.36559428657045,12.304388764620217,484.0770697102016,547.6462247816204,25.172189346904293
16.426579793099293,6.125072415732234,747.444406596694,770.9869109872337,18.054536431497908
81.45747202313821,12.47791672583277,473.8098283979466,570.9367027285126,10.140712420857472
66.51972206962002,10.540829278233034,57.844449447160606,108.04875690042743,108.60437831593818
52.30654247691193,8.521667677807429,957.7898009882039,1012.9264174197189,139.3211941031828
35.88304841235025,2.6142075348039895,942.7243190941123,974.9235945165989,64.58037313695554
87.72005408131082,17.732084304809334,785.1895431484083,837.5759658675344,17.871100799407223
39.244510742263536,8.99569297642645,991.3279015642206,1060.9001285015515,76.85892310981599
81.65994394715771,3.8924502364153013,544.482332800263,622.0882751261267,52.32478611879452
43.91349085702184,7.355187017545792,962.7683502532061,1040.6164776970982,56.223738652499655
37.69444294249076,8.282595050578541,75.60504061675077,137.61524075921872,93.1995936233561
46.26797856696064,16.550757911337485,365.6807482613713,457.07312801081844,107.80771698933036
30.13778741641421,14.672287611228041,225.38126800676582,308.9479742643157,16.590539830974127
74.76093801762511,15.386097872826795,195.83308413427002,273.96741445714633,5.338534620971458
50.27203900924791,0.22062528857294428,140.80294889267608,155.80744584391755,149.14954540285723
23.22126951468173,8.32307996359523,622.4136415659966,633.032658165765,34.909252337332774
89.95745732745685,9.626883032706473,781.3218557473051,810.4421106948977,8.074578736268862
38.38912213732114,0.38384553646113373,578.2983994203606,648.0155228725713,28.481299364387997
54.35528611139886,5.196264174900684,146.96270958820966,193.9704835876388,5.843676952269633
90.6472110964547,15.2057964624427,811.123769933471,857.340333270409,58.77163419257575
62.42379959139921,2.742194114579981,635.9547071637285,725.5675271043937,120.36026766769864
11.689804070836407,10.706202629051834,388.16570612699553,478.766362458861,51.18666746365809
93.98321236134751,4.30403744034475,674.1302955360629,765.9560693008857,66.62751103175498
62.770805307141785,0.24241549287786546,259.90497924283284,298.1540061291853,101.33801603511581
33.49056146570861,4.82402915199083,345.1922084942105,417.38723164074406,76.33411051048203
13.927207266338726,19.517475098201075,917.4858431319902,951.9328294466835,129.21685290319863
79.4025189270296,16.03074223765979,290.50450567142036,317.65939064812085,129.90535125686347
62.00727559285135,19.191532886420667,469.9882681579366,496.60518931919984,1.4866043236730464
53.34610919763215,9.75708087852725,890.1411373960146,930.9308232737382,116.70694597247987
89.38925830509577,2.19472397355007,707.7213502675274,756.4175360477113,69.11004003625108
78.85972112245308,10.95918977947386,62.203226164702755,146.9886515596589,148.32608119554945
15.167487973275119,9.087546691199218,147.30304427897033,168.09324269151443,72.48481138131527
31.172206779554823,16.88714165479232,7.841590771916818,83.9849170374573,148.03439180824464
24.848913981446575,1.9616516156848918,630.9217902291634,688.7527325062009,113.18540418086049
74.3946292572677,9.764822740435564,447.6734254104183,483.5885062512576,37.29073269199595
3.353243473577938,3.000973293879685,134.27485090227555,188.62861351022977,80.75924689304365
56.98896848713165,6.493518537801199,957.9341210567704,994.9289073367024,148.8203459217874
76.24586857406905,14.747141547755993,529.6597239456199,593.3070999170675,128.62959116278856
87.67656367617495,9.520362587375331,241.89329411288918,290.9392471698612,14.605034068683164
34.20817487159075,7.517765702915387,500.60357115470754,525.4000687718067,105.95579952149942
82.12573046720128,7.889525571400706,679.6203327351078,700.1128094451205,51.83693788062196
11.063173695520723,9.188935368119733,76.23921797356448,135.4418293600562,1.0473392820522176
84.64522917345182,15.700330876741138,274.70381504789196,365.9209880436413,60.52214535404994
12.748866233198243,17.84169377880469,806.9654908839937,847.9216826741854,35.213163258745695
39.72872905603673,19.106693730078565,459.6648704026612,535.6348800526973,122.83039057807073
79.72953657795536,15.738067725105902,546.5771420322949,615.856663976874,50.599591326864825
14.991742734877377,6.3081379149602546,432.8160022094693,526.6559444973226,124.12855409307257
22.92513952326415,13.762694121730842,43.89994264300512,127.7882341999278,0.08969082521929628
72.22525683930662,8.752062481107838,165.74977982015594,226.7442531216476,46.17287250391787
72.00365365460743,5.093412440921023,445.5416387418909,514.6743835829606,36.17478214616429
64.11476328852973,16.817431588518453,209.1854654079278,300.04024740049095,35.035104160291645
69.39484444671,0.7685269792464999,49.97902865967874,95.93571927250287,10.227992964819405
54.27244433475962,18.03523984270847,843.6496640518237,883.0611875790237,28.068640561575258
25.179905890695274,9.229549292494683,981.1925291641159,992.1655266912835,83.33243548284298
34.56959935039195,12.744029536165609,793.1428739967395,877.5324706739713,43.704160925661675
18.159771680142565,13.187078444115654,853.784921704667,935.8731847409698,62.609217349372194
90.84505613336283,17.902354814130728,241.97713031704538,261.378036946059,56.530032052078276
58.339179476612046,12.733393643344147,960.6269755131998,1022.5441398151428,131.3857387499842
40.08514167636399,12.278671695201236,196.92570445342838,248.68405728844823,135.7948498515773
46.20058036441327,1.3330408112137992,951.4298103618323,972.1136289576524,73.94354574837901
94.72833396118153,10.36816043890408,994.819293965951,1093.0704344014162,49.52339254734066
15.33514031160802,3.003380016340833,711.7228057460487,741.0454356177507,16.020105600354544
58.62298320167972,14.748675374429713,981.1437317918219,997.1948079999725,143.01043190731426
50.5888678884466,10.24443841625349,569.5397795671037,633.0760437222755,9.034041735044617
61.14542354346478,13.604555584167066,259.54178317609035,336.03978411806327,44.647541635242064
1.8110183820840509,0.8334580120476853,436.99588566562085,449.9157958098677,44.709930175500624
87.21239089441515,1.6958403209160644,593.560935378786,662.845522864218,48.06019292103223
93.21182824836124,14.326467761253646,73.081562027015,130.9878308626459,24.64302649086139
56.51331835892089,1.4416867199734673,622.3432646172461,641.6371154160004,117.47421463855457
69.66508238768922,1.425134555305172,981.1778367622945,1006.7049856874671,18.37467929489838
92.24993811772957,0.242169504697749,190.10764978372762,251.2253365421749,95.23599887297442
70.72386343133986,19.1300279659896,792.5951162883833,829.2673015045793,18.57690400587262
15.253904291426135,14.75016718918014,907.8987937796194,1002.3472093582378,10.580345638943484
57.62883601668132,7.065028170041283,943.7015928202209,1027.3882134737855,136.41442555288148
60.67150463828559,5.930711625753105,960.1356044054472,1058.656652991677,28.519314947805853
42.4130671302386,6.994064594916991,521.459638721472,554.8300142270092,123.18752318395565
73.64442356247228,15.493070623623638,977.3079079915037,1074.5830349433218,81.69463066607037
93.43670147690149,13.227412221408288,757.3102071344389,806.1212554156791,11.67847794131544
92.55685129067763,3.7039113573493587,161.6714362369619,202.94812781519983,143.31722871571012
45.08393714041321,3.482186706681687,476.90010646797,491.43156389521175,37.04417504878388
11.323804584075525,1.9679129942679463,718.3311753720039,733.0800485793682,128.94680180289097
98.48411989623345,13.206054394026763,247.34031581908334,319.6213288542823,25.321500867684627
83.88980864459342,15.287453244434719,640.6151835488873,691.8287930479498,128.09143232127792
12.466268120326685,5.3009285665000805,666.6004790466193,696.9874253898688,1.9843219357940978
92.08418826173724,0.41889922061825624,162.6997438085659,227.95707137783683,76.7670684854221
86.98963620621282,1.643433349528547,565.0853124527563,597.8425430952663,115.41638691323352
51.88380571260721,19.35720069690061,771.6269109786077,833.6137688696058,140.2193276239175
59.127543574492925,5.908895549548405,498.89566453594193,541.2244517643841,136.38032043097306
39.90027038701302,15.384462956762672,12.103116776107425,96.22281717117114,122.94373043214674
5.476163882203133,12.493271377085275,9.038469079292177,92.90112354830231,133.22870244919562
33.519724164590095,7.6387927930579185,357.0293439700122,409.9908798010283,29.882952875561475
80.28534485980114,4.113745243911103,926.194068431782,967.7677882719333,42.62764435675931
0.4632023004602859,2.4277283631881286,228.67677960360876,271.30716129392727,43.345278738158775
33.34991716911442,12.300259360777332,634.3636888716871,716.8779961818268,56.55808965025482
39.81686935909433,15.49267561275576,222.07587069332058,261.6120241451057,58.99810055777831
53.73956029379229,12.878085070822614,321.6699896595486,350.48533329316473,81.68329869820133
91.98556164127605,10.606042664983166,848.042089601484,865.6640403702617,23.981964504966207
34.634599436596126,0.8390244686327253,728.8614422699469,780.8638231495437,103.6869995678984
34.69532018962277,19.369775551887678,95.39927731321063,148.79116621599638,25.134980895675973
73.75012481097484,15.97428383309149,428.70202098643364,514.3838049226953,46.54627231568213
45.221794088980715,5.856440734019294,29.169763645264467,59.08124632541023,75.5017695909231
22.460482293998197,19.599406587177015,480.890146603009,525.179361233165,119.4660842285216
45.24395161326934,12.037631792726442,662.4340117010681,745.1905282015003,110.9203849858091
14.085702037979985,11.648453164144929,118.50262359815156,202.6287485655592,96.83015346157833
17.63869865062233,14.961463588590643,288.88493890916567,333.4999357472548,23.365989087025525
49.83677727394797,16.23539576180275,397.83662550215695,449.15778759795825,82.05680184233665
41.89254495045479,13.129572146630053,919.5310246560498,956.8267548324852,13.116975269982817
91.48459010681,2.5619149273240005,993.255015422964,1087.1849544807021,56.60447651949762
36.23938991166331,6.765350119889968,44.91129899561586,65.58923791235809,62.027479543493875
58.05883502780434,18.561672806520995,761.007923495392,855.0453715655243,5.971715916863074
63.22642879195304,4.492312236877039,371.7240664023432,443.2720470675241,41.09821492049577
1.3094456588333636,7.443340476750267,392.45818622948,450.29967997128585,143.3474200899734
66.35373720167107,8.64153765888392,754.2649733470226,767.2042888176272,143.04489117445343
17.803596686975144,8.788099793889044,918.4264321454086,971.2300894093894,52.849058137880895
96.10703174694551,12.25879164989051,950.9285945025484,997.6259239527943,6.465016342248608
14.866272775311295,18.86151675489415,577.1225860383208,601.6322791160819,26.864240899227234
41.462412372702374,4.8138542366501,357.1211593005028,426.19802361556197,58.83266901503102
8.534966807864386,2.4300275260183613,787.5490858587792,884.9526675219249,142.16695469538448
99.68742518459473,3.9494097971987463,251.00138326230027,311.5983762581075,21.179859530577737
50.21950103312426,17.73849800418539,564.0740288335178,638.4018237134729,114.52737655023184
59.53850173200438,12.916216253104121,358.57846152487315,374.7390022558147,16.302380906203812
6.7076477388427485,5.718135784783202,656.6310737078761,704.2211033314056,147.18863660869152
74.99604703991778,16.318938779372345,240.3989128935069,260.8711765583115,57.242474866370245
20.990559309558577,17.22739992726872,191.59294573482578,256.74457093311173,116.28518083485841
89.80542894407138,16.930286773805562,918.2390866754371,1012.702480914711,51.38866242166977
20.513964048200716,18.37853067279109,101.8036829495369,171.36367887198435,94.1503315738213
19.068772066366655,5.044820403467232,505.95790773493167,522.8701820832296,28.80241271100551
3.654966784809488,15.100838574925566,220.8527829630089,262.77274141166635,21.90315289454438
47.206694510999924,9.2107899454828,38.92996332566745,98.48966747534409,140.7096209352197
56.48411332626164,16.83997105780123,36.01881829142639,82.30751634341908,137.64709168566503
6.570863942835237,14.569813543232264,175.22177210582734,260.2497330485928,133.12034103193236
77.55276166950105,15.528948929994492,866.7703545060002,950.0907449298993,93.81501752498902
45.32888347480276,13.12323675362143,282.4787439770267,347.5435357863166,121.24023168244173
52.439026932758004,3.5485753893941374,950.4591705752957,994.0703856372392,10.355540536706236
44.07627469382282,10.900538377938766,581.6222929891935,614.6025666278855,50.21835628360187
40.0763060875326,19.693394790490164,436.6141897687661,456.1428784079477,47.05546871357343
55.96403313082179,18.747761329942378,580.0888346694546,622.0296261832445,95.34679829289199
15.52402459307125,0.8634747159402334,516.6983852262678,563.8839117749625,53.39366602059607
18.19281304952711,3.2962963145887425,758.7762537573252,829.6003170166919,22.276017246552122
86.17856210135173,2.634575469091238,282.49606597285225,351.73045015963385,89.47006131203156
94.61154621336327,14.51959819970591,353.05039160030236,369.3601241680155,122.15758810036222
37.330931627975296,16.3557065971389,894.0943025332507,939.6676409220549,57.31852416899598
27.074467314355378,4.270227326213439,946.4565131504055,972.8166111999681,19.840307264772257
64.39995432390158,10.11705385903658,892.5582274864745,916.671370964987,29.503229596923457
40.87341710980964,16.814060560224,419.4479939573136,503.90518743366573,35.6224957754076
2.538635566034486,14.656030895325012,780.3655030068817,794.1378725113449,44.984638949180436
15.615259736619036,10.844744109836967,476.3357333010988,524.0621921322897,96.41926057594637
71.59722288473975,11.806953809175457,497.5398521461022,522.6781811650889,90.14182268065785
65.89239419101514,10.1672109383256,204.68010905728394,293.8198284683466,104.41197923505587
2.709599250348349,5.950969026376411,591.1303032585165,651.2639494532697,54.37529767972698
22.197216193294945,11.300439857180322,186.13589775334793,216.96015502726425,123.59964778199675
23.10747965880714,13.777706041001814,331.56469906719377,386.7831549121677,30.61314917336404
67.18927435987284,17.466458317216155,855.0302016199352,930.8639739932156,70.3561121277231
1.9710537754364155,12.725827079584962,207.07580921085523,303.30643001360426,120.14080823121455
10.410858198457385,15.22243074086316,71.15828517343282,100.99842555552053,27.023797159892887
79.99160853731894,3.20143269909146,69.00759261281631,158.76395210445736,16.479467061117443
17.85446620543336,9.231149488395797,940.784520503108,1034.871890778182,132.55259515319847
65.27461078518748,0.18663239654186592,506.92043796183464,599.3982869697206,51.43944941387939
23.81827810467265,4.93357729043246,409.41207181701833,476.5993639345902,102.5805187363548
9.944139275934516,14.529234302260097,810.8785810079185,877.5624399070422,3.8022906395907716
24.317219099945408,19.83619902698727,835.825927910516,882.11488489706,103.50703326141745
72.22669318556592,1.9835619917443181,332.1910331156046,409.90684252294557,47.41519673204558
85.56964681062857,8.029886317225765,693.6180574737953,751.4345191253791,8.361128038116261
83.02198645669915,16.00141937398319,771.1228158518866,842.092242262433,91.47191423221756
39.71835296184548,4.080712692577977,654.6506868659545,703.2118982123461,36.12057241097599
66.80851365706462,11.101698986045726,151.59507480009938,227.4297565639819,58.021086307782
20.498429541582098,14.661425920593496,875.883083517057,960.0855201014664,12.087121842977039
29.314773026101328,12.319709005203581,539.0945527360087,562.2738158302622,22.074487664241797
89.63358185211197,3.7604946923083227,282.4724263700037,367.4361007716842,44.696585324376564
1.3001923510736035,7.107691373714788,425.2281854376939,483.8548732988216,13.46392508402357
8.550853085446807,15.675835689707945,37.57109039890738,123.59102221702756,136.6239397029473
20.78862551460273,11.084530282640333,127.86680122241756,176.68395479310888,0.9070564775967627
2.6532203873819715,0.10459227085825473,765.5467505158608,809.6603942003339,72.5790328296467
18.143543508979732,15.219815200561877,0.011634755366141114,92.36710068191616,18.487118719882716
58.304156096969216,0.7062270988047814,416.5658284822922,449.17106256164834,46.151863421692276
42.1424550592498,14.914675654624643,522.5101810855884,608.4892903613413,138.90893397273982
89.26717110769748,4.049611203304748,54.6344200009723,108.19627152681866,24.254182991098027
81.7443561738441,19.161469602387605,973.0781629723328,1029.3467528019462,144.8748479577499
34.1817351697876,7.35881502604169,226.12533124967194,263.8874765837255,30.869156548413258
25.94234334312925,6.538632326761582,304.1987196362809,365.7725176919923,111.23491627002444
37.96924081672669,2.9777610066488935,303.94251225502734,343.21151991988637,82.00158973459676
59.02949425148078,6.112084309804297,230.41666211734992,243.95090939909863,132.67180913951387
26.806364082287626,17.53301523656401,1.473822086311416,35.95369656730346,83.09898832546965
62.4148907849134,19.926686752544946,729.3447940879963,739.9189079945895,80.1838828734463
40.941165219124045,7.366190610136966,966.8454997992853,1064.8974306344023,29.31870005525998
55.204718085198024,8.97221261909085,224.29348328504506,321.21073216882235,24.93440430774881
43.61265291353167,14.441418764054742,663.0471918034224,708.6111685759298,137.47337266732714
29.44657595419177,17.72391560930149,741.8963269587151,817.4497038492833,49.17572982750511
94.84533069621567,11.860886683735682,848.4253790905248,889.547927947463,55.812338244434386
76.36057941597608,7.830513963556587,422.62919701360914,493.027581151347,113.97354876425825
14.011317576645254,8.252436816972475,302.9309056404292,385.41960951456736,50.823522363421105
86.84679758979128,13.912362929936137,325.2951340230311,420.50319604533274,142.8093669958504
48.743119824951364,0.06436527208557363,712.6213330985129,758.6404379249834,110.68916534982004
89.45522268940914,12.391786749196815,816.779466505636,897.2762849716803,89.614386386013
79.98552559473153,7.109860208827148,181.61396775660265,215.54752831349333,132.13427408171287
42.52135044692334,15.883946625541686,370.9410081577652,470.0709154991936,7.440886252422413
2.24693083201174,1.8598127964626432,901.94019674915,914.2594606379416,38.55940382838131
26.867735938494608,11.76404533896781,806.6935196947393,871.0111122798402,69.75545013313649
54.16342146608669,9.619457797722475,984.8584027624759,1054.2139411110952,34.04678092072815
63.347821982614725,12.846510518104548,754.2482596820807,826.1723598187523,111.5857780953228
25.788768543320227,1.297071889659367,393.1952010279223,414.0300831189403,137.88120465805878
13.935607407282413,11.599675748562625,590.6378339946377,685.1055145072195,63.56551798963851
83.4930236799299,11.229691759190475,661.0142542473203,687.3207493618278,51.31989001678424
98.44021807035521,11.213201888323418,78.45581631712395,144.50362260870963,144.23260982063493
52.56901823026858,12.069753331929096,544.496959103865,574.5378062249426,66.72786492413113
17.16792858483035,13.529358744527244,709.3208284726096,746.970306004524,73.35726006739249
27.230732651936897,16.099779993615396,167.32130400106038,226.50257275659158,52.74748085128581
1.8390676547466733,5.396414402564287,780.6317174255571,828.179125096369,136.43227095182075
91.4298806560499,16.500988203601242,583.7727805141117,608.1930846019973,85.34332249227761
11.775108289014113,9.965113645269073,952.2217856975947,977.6060619154711,114.3261880772467
57.651647551425356,1.5411655826866233,42.422298206891696,90.05532914154367,121.77100775263295
27.4055220687206,1.171018584879584,265.32613755546697,343.481605600262,51.277356287588724
55.417800251579344,6.6847663739212155,601.5538792998241,692.370697516125,65.054149698057
65.14203883518643,15.697939542229351,296.5599122059307,314.13140180927513,127.2707661609397
82.97418037072016,14.153618694818315,714.4241640712422,759.8035157515883,54.488302751371535
20.64212717606032,15.772299293448128,759.005282521931,778.0273832569899,119.0902700177777
1.0995828658480478,10.345381128832187,102.51596406647445,114.00928732340826,141.14884838616555
13.688563006880727,8.80397995910981,513.8544642067677,583.4091456447238,93.48155596020105
90.00186418481051,2.949050534125679,508.8905555910559,573.1110053680488,111.24409311778334
87.38900775625153,6.5638550721862305,369.28077021554105,393.9524904588808,120.76459680617023
59.74131021703083,8.680387323477506,932.9248625696721,963.9680175480479,126.75594733449638
60.051686043365336,1.7720085935923446,827.5063198732212,839.6400177012279,59.258000678519394
66.50366745462554,4.412239054224225,697.2093819096368,782.3546304221331,7.689518876399726
17.53712786234496,11.964505881274777,714.3266357349976,812.0487893793672,60.28144068551093
91.44119459249598,14.713262284783797,461.7161438131191,483.90750212464127,101.06343446761346
41.87705248920731,19.966950227858995,920.9945210965759,951.8272903354527,67.55255786711892
38.31385282494975,18.662266626871155,694.5954272532854,782.7522844085095,112.34447262905978
51.89177052828376,12.85130399070383,728.9810616558165,822.3628034718731,53.54736442029958
4.696596677505505,8.42496106588144,861.6909037873453,909.4573682399582,95.21162116560443
16.628336875607943,12.723547294164653,274.071589342191,288.62761184640766,27.962970728096188
73.80336164263704,15.71303236160464,807.070903866703,820.6161688990568,112.40541549674354
8.279866792512646,2.3667238184677464,195.24060295649204,256.896090902703,81.85439532195387
60.31521094663882,8.198097793925765,345.34195224488786,390.702512045274,30.609658281990086
24.534910968132095,16.796045712712345,335.6104542698427,348.1891727518316,43.78667602467109
38.929561404197656,7.67665903866088,978.5254683891405,1041.0181836972706,112.29130628727485
28.869373677069987,11.43744542454373,856.5372237479269,867.5544520409389,72.3901853492281
35.567271646494916,11.755387217243964,701.1698615902598,782.0333378236943,32.40471605896083
71.90459051842456,3.689525062672787,727.0567616153901,764.6357156586935,145.09067855554466
29.7121715623175,7.244708833045768,562.072794402571,575.6960146734019,107.26875297253319
56.64046402968972,6.690225774838643,947.090667108519,1010.0423669970028,143.57022488096942
47.60504021990997,0.5239341706412959,496.25875288236153,542.0503501813364,64.06575680405149
66.36711653626482,0.4838352778271049,380.51770986989453,478.159747072038,71.26505110375807
93.6829739324758,16.63394087351547,163.035336931591,222.0132165569242,134.69328242775288
73.25720972102503,5.461416199456249,786.2056522610579,820.9771785543887,78.75740103680769
21.494037859075675,10.36157532477631,734.4439320755914,808.2934298926491,106.09183678585008
3.1183135061284672,5.974511471775461,384.3550385241349,418.78931875297894,37.82593162432949
26.22640442998251,18.81358490230681,25.19341395922936,116.57531018591023,67.00897030539608
59.507793070025485,5.185935177315475,838.9973277180108,882.7223050636746,18.517479871553267
5.1425813484250344,8.593136254778702,11.417983454073632,70.9061541039321,30.89700538154425
49.636624720123635,17.454605009692038,703.6997796290509,718.2513589732315,0.14151229014466304
59.68428489168892,16.838671335836175,970.257109726057,1018.6080211417578,5.889757747299035
33.424389081696084,3.7220283569255463,437.66132814820344,522.574046717693,146.5925734765394
77.09122037458219,16.05286619591421,234.97340499595276,317.48179747865356,36.35305427051435
10.65982531337718,9.163737734757852,704.8710100433817,735.0596803401991,99.49660642560029
7.513778173580876,9.659377441707104,817.1281420155851,847.4752584065358,125.86495481994173
72.81887562036033,2.6695994483188756,546.4303160778474,629.9877941770387,82.59906888548464
49.549131620619846,1.612030275142493,967.0352752561462,1060.7711330713855,22.97167501259343
68.84023964277361,14.558786139475304,51.6687216579611,70.25120457253142,109.21746560042496
43.48273386037462,9.929223047105996,504.79559830452814,555.3008758528885,90.03771151493746
24.640203323910683,8.737014052303591,718.4539473225501,758.8248324293307,109.68758840210626
81.91023176741997,14.590164573047934,862.640471149179,951.0024321403486,115.46199342856308
79.94158789689793,15.310257979822195,179.25561190779004,196.77285422899172,146.31155515271178
69.46964708544267,3.1781633533870712,800.0034817636814,829.0048165939048,86.0344920040065
27.21451372299627,12.204502989552825,552.7070757185453,630.4292261013297,51.24616690359027
59.023066686908706,2.7070816455537106,396.5536819899632,411.1701283982726,97.26968353503557
36.09738969400268,15.027501720580913,131.71502857909357,186.0432128433796,10.26610638639392
9.158207332663416,13.13910312534279,865.2957589089124,915.0853920300872,134.60959774823795
91.73135754622427,19.13229242166916,157.27320817971534,197.36931428870272,17.907151700729518
13.68186309189614,1.3791603271284236,309.7878592090992,355.29936758780235,49.17642568287274
95.02373538208025,1.1410944230250863,290.0455319624369,347.74018478615784,122.36180709391813
44.600577295795574,5.6437414938640025,871.4140341908543,895.9370964458087,89.59685674960677
